"blkType","DistCond","distr_cond","participant","rt_type","rt"
"Before change","Absent","equal","E2_01_JM","rt",997.675152928096
"Before change","Absent","equal","E2_02_YN","rt",877.291827463158
"Before change","Absent","equal","E2_03_XY","rt",1523.11059862607
"Before change","Absent","equal","E2_04_ER","rt",862.366305176902
"Before change","Absent","equal","E2_05_YS","rt",1701.1731910097
"Before change","Absent","equal","E2_06_ER","rt",1952.65652870002
"Before change","Absent","equal","E2_07_NS","rt",970.921709532726
"Before change","Absent","equal","E2_08_YW","rt",1209.87171132473
"Before change","Absent","equal","E2_09_WYY","rt",1306.54349820383
"Before change","Absent","equal","E2_10_SSW","rt",844.749921931237
"Before change","Absent","equal","E2_11_FS","rt",1206.48800680822
"Before change","Absent","equal","E2_12_AH","rt",1114.32011001261
"Before change","Absent","equal","E2_13_HAB","rt",1054.68065988892
"Before change","Absent","equal","E2_14_RS","rt",1187.22440127286
"Before change","Absent","equal","E2_15_LL","rt",843.89103417342
"Before change","Absent","equal","E2_16_BK","rt",640.559429272431
"Before change","Absent","equal","E2_17_HS","rt",810.631607420441
"Before change","Absent","equal","E2_18_PP","rt",1111.38061837351
"Before change","Absent","equal","E2_19_JX","rt",763.815282406092
"Before change","Absent","equal","E2_20_JW","rt",1314.86877427777
"Before change","Absent","equal","E2_21_SM","rt",1098.50488407314
"Before change","Absent","equal","E2_22_GV","rt",816.296671282916
"Before change","Absent","equal","E2_23_YS","rt",1462.80699420357
"Before change","Absent","equal","E2_24_YY","rt",1425.65020759323
"Before change","Absent","unequal","E1_01_GQ","rt",1290.83660531537
"Before change","Absent","unequal","E1_02_PP","rt",1116.44401940258
"Before change","Absent","unequal","E1_03_AH","rt",1203.23792101782
"Before change","Absent","unequal","E1_05_SX","rt",1128.25844831306
"Before change","Absent","unequal","E1_06_MB","rt",1342.97719984998
"Before change","Absent","unequal","E1_07_HS","rt",927.511756768349
"Before change","Absent","unequal","E1_08_UA","rt",1037.02114158428
"Before change","Absent","unequal","E1_09_BK","rt",670.439085250185
"Before change","Absent","unequal","E1_10_ZK","rt",881.418512091455
"Before change","Absent","unequal","E1_11_MS","rt",1187.60428698442
"Before change","Absent","unequal","E1_12_JM","rt",935.497001114203
"Before change","Absent","unequal","E1_13_GV","rt",1017.46869954
"Before change","Absent","unequal","E1_14_VB","rt",1059.65354807662
"Before change","Absent","unequal","E1_15_SS","rt",1122.74753978769
"Before change","Absent","unequal","E1_16_THL","rt",1725.94775935161
"Before change","Absent","unequal","E1_17_JSM","rt",1162.15811568646
"Before change","Absent","unequal","E1_18_YP","rt",1318.63376280984
"Before change","Absent","unequal","E1_19_AM","rt",1600.74770057754
"Before change","Absent","unequal","E1_20_MK","rt",761.762280768074
"Before change","Absent","unequal","E1_21_RNB","rt",1631.88648200091
"Before change","Absent","unequal","E1_22_LIU","rt",1304.9602280295
"Before change","Absent","unequal","E1_23_JX","rt",1123.82347155695
"Before change","Absent","unequal","E1_24_RMS","rt",1599.13025088411
"Before change","Absent","unequal","E1_XF","rt",1021.17044003209
"Before change","Freq. dist.","equal","E2_01_JM","rt",1252.59659105827
"Before change","Freq. dist.","equal","E2_02_YN","rt",1212.43550450588
"Before change","Freq. dist.","equal","E2_03_XY","rt",1805.27038653869
"Before change","Freq. dist.","equal","E2_04_ER","rt",1228.34620170899
"Before change","Freq. dist.","equal","E2_05_YS","rt",1981.09504568876
"Before change","Freq. dist.","equal","E2_06_ER","rt",2214.56949240752
"Before change","Freq. dist.","equal","E2_07_NS","rt",1221.18072400245
"Before change","Freq. dist.","equal","E2_08_YW","rt",1332.29154259963
"Before change","Freq. dist.","equal","E2_09_WYY","rt",1513.85445729966
"Before change","Freq. dist.","equal","E2_10_SSW","rt",938.59747127036
"Before change","Freq. dist.","equal","E2_11_FS","rt",1562.4712970027
"Before change","Freq. dist.","equal","E2_12_AH","rt",1358.31941269477
"Before change","Freq. dist.","equal","E2_13_HAB","rt",1444.41996007292
"Before change","Freq. dist.","equal","E2_14_RS","rt",1607.30514881207
"Before change","Freq. dist.","equal","E2_15_LL","rt",1171.01737681494
"Before change","Freq. dist.","equal","E2_16_BK","rt",729.13128034541
"Before change","Freq. dist.","equal","E2_17_HS","rt",1215.16171625651
"Before change","Freq. dist.","equal","E2_18_PP","rt",1305.02741319502
"Before change","Freq. dist.","equal","E2_19_JX","rt",1025.7619203286
"Before change","Freq. dist.","equal","E2_20_JW","rt",1778.06305507167
"Before change","Freq. dist.","equal","E2_21_SM","rt",1371.28696891638
"Before change","Freq. dist.","equal","E2_22_GV","rt",1098.10167670439
"Before change","Freq. dist.","equal","E2_23_YS","rt",1749.11343509107
"Before change","Freq. dist.","equal","E2_24_YY","rt",1865.48872970344
"Before change","Freq. dist.","unequal","E1_01_GQ","rt",1389.73277054347
"Before change","Freq. dist.","unequal","E1_02_PP","rt",1257.77634327419
"Before change","Freq. dist.","unequal","E1_03_AH","rt",1403.07396398323
"Before change","Freq. dist.","unequal","E1_05_SX","rt",1340.39954618468
"Before change","Freq. dist.","unequal","E1_06_MB","rt",1560.08636825048
"Before change","Freq. dist.","unequal","E1_07_HS","rt",1233.30556797453
"Before change","Freq. dist.","unequal","E1_08_UA","rt",1195.29876487939
"Before change","Freq. dist.","unequal","E1_09_BK","rt",724.564366980937
"Before change","Freq. dist.","unequal","E1_10_ZK","rt",1109.99189926269
"Before change","Freq. dist.","unequal","E1_11_MS","rt",1428.58696868845
"Before change","Freq. dist.","unequal","E1_12_JM","rt",1151.73482479771
"Before change","Freq. dist.","unequal","E1_13_GV","rt",1447.37467095113
"Before change","Freq. dist.","unequal","E1_14_VB","rt",1120.45090107062
"Before change","Freq. dist.","unequal","E1_15_SS","rt",1243.539775432
"Before change","Freq. dist.","unequal","E1_16_THL","rt",1834.31329044576
"Before change","Freq. dist.","unequal","E1_17_JSM","rt",1508.41439422211
"Before change","Freq. dist.","unequal","E1_18_YP","rt",1550.59517808038
"Before change","Freq. dist.","unequal","E1_19_AM","rt",1850.28077491599
"Before change","Freq. dist.","unequal","E1_20_MK","rt",894.11837210274
"Before change","Freq. dist.","unequal","E1_21_RNB","rt",1809.87078454606
"Before change","Freq. dist.","unequal","E1_22_LIU","rt",1411.47427045436
"Before change","Freq. dist.","unequal","E1_23_JX","rt",1347.45230795165
"Before change","Freq. dist.","unequal","E1_24_RMS","rt",1679.86616302371
"Before change","Freq. dist.","unequal","E1_XF","rt",1153.52627374678
"Before change","Rare dist.","equal","E2_01_JM","rt",1185.31467604658
"Before change","Rare dist.","equal","E2_02_YN","rt",961.077826669111
"Before change","Rare dist.","equal","E2_03_XY","rt",1807.76461940844
"Before change","Rare dist.","equal","E2_04_ER","rt",1364.59271398146
"Before change","Rare dist.","equal","E2_05_YS","rt",1892.66358977654
"Before change","Rare dist.","equal","E2_06_ER","rt",2192.9958405545
"Before change","Rare dist.","equal","E2_07_NS","rt",1279.21419981279
"Before change","Rare dist.","equal","E2_08_YW","rt",1506.26946860969
"Before change","Rare dist.","equal","E2_09_WYY","rt",1559.6368568764
"Before change","Rare dist.","equal","E2_10_SSW","rt",1059.17551935449
"Before change","Rare dist.","equal","E2_11_FS","rt",1370.25503931727
"Before change","Rare dist.","equal","E2_12_AH","rt",1377.65302733702
"Before change","Rare dist.","equal","E2_13_HAB","rt",1361.10639875128
"Before change","Rare dist.","equal","E2_14_RS","rt",1628.23100574171
"Before change","Rare dist.","equal","E2_15_LL","rt",1046.51242128461
"Before change","Rare dist.","equal","E2_16_BK","rt",744.207533425223
"Before change","Rare dist.","equal","E2_17_HS","rt",1213.21115859662
"Before change","Rare dist.","equal","E2_18_PP","rt",1335.36834214377
"Before change","Rare dist.","equal","E2_19_JX","rt",906.879910928183
"Before change","Rare dist.","equal","E2_20_JW","rt",1693.05387982611
"Before change","Rare dist.","equal","E2_21_SM","rt",1404.2746362768
"Before change","Rare dist.","equal","E2_22_GV","rt",1185.72407064211
"Before change","Rare dist.","equal","E2_23_YS","rt",1929.58835697715
"Before change","Rare dist.","equal","E2_24_YY","rt",1790.05952452354
"Before change","Rare dist.","unequal","E1_01_GQ","rt",1449.04194417702
"Before change","Rare dist.","unequal","E1_02_PP","rt",1321.35947935131
"Before change","Rare dist.","unequal","E1_03_AH","rt",1504.9565259067
"Before change","Rare dist.","unequal","E1_05_SX","rt",1558.9511785722
"Before change","Rare dist.","unequal","E1_06_MB","rt",1576.75889181288
"Before change","Rare dist.","unequal","E1_07_HS","rt",1187.92853339262
"Before change","Rare dist.","unequal","E1_08_UA","rt",1188.66324144879
"Before change","Rare dist.","unequal","E1_09_BK","rt",731.838152647356
"Before change","Rare dist.","unequal","E1_10_ZK","rt",1224.46909730075
"Before change","Rare dist.","unequal","E1_11_MS","rt",1445.33744980674
"Before change","Rare dist.","unequal","E1_12_JM","rt",1109.12318682648
"Before change","Rare dist.","unequal","E1_13_GV","rt",1723.05810056787
"Before change","Rare dist.","unequal","E1_14_VB","rt",1195.67283983804
"Before change","Rare dist.","unequal","E1_15_SS","rt",1231.73078105148
"Before change","Rare dist.","unequal","E1_16_THL","rt",1862.59816904155
"Before change","Rare dist.","unequal","E1_17_JSM","rt",1645.55775710998
"Before change","Rare dist.","unequal","E1_18_YP","rt",1591.64398134908
"Before change","Rare dist.","unequal","E1_19_AM","rt",1807.58561489395
"Before change","Rare dist.","unequal","E1_20_MK","rt",938.996554787031
"Before change","Rare dist.","unequal","E1_21_RNB","rt",1746.94139244413
"Before change","Rare dist.","unequal","E1_22_LIU","rt",1520.5876260129
"Before change","Rare dist.","unequal","E1_23_JX","rt",1339.97732712679
"Before change","Rare dist.","unequal","E1_24_RMS","rt",1670.26903931162
"Before change","Rare dist.","unequal","E1_XF","rt",1248.89675722293
"After change","Absent","equal","E2_01_JM","rt",966.126398399758
"After change","Absent","equal","E2_02_YN","rt",760.660991219183
"After change","Absent","equal","E2_03_XY","rt",1229.09494833931
"After change","Absent","equal","E2_04_ER","rt",767.738898118382
"After change","Absent","equal","E2_05_YS","rt",1575.67994621554
"After change","Absent","equal","E2_06_ER","rt",1720.7713880071
"After change","Absent","equal","E2_07_NS","rt",925.65446543758
"After change","Absent","equal","E2_08_YW","rt",969.207170994357
"After change","Absent","equal","E2_09_WYY","rt",1082.60165691828
"After change","Absent","equal","E2_10_SSW","rt",780.335954899306
"After change","Absent","equal","E2_11_FS","rt",896.167009129048
"After change","Absent","equal","E2_12_AH","rt",971.605423502388
"After change","Absent","equal","E2_13_HAB","rt",966.012426384845
"After change","Absent","equal","E2_14_RS","rt",957.903255116739
"After change","Absent","equal","E2_15_LL","rt",697.980542531386
"After change","Absent","equal","E2_16_BK","rt",634.502067608203
"After change","Absent","equal","E2_17_HS","rt",847.022978752497
"After change","Absent","equal","E2_18_PP","rt",888.054398019388
"After change","Absent","equal","E2_19_JX","rt",725.637000771877
"After change","Absent","equal","E2_20_JW","rt",1012.45607058367
"After change","Absent","equal","E2_21_SM","rt",838.470742083535
"After change","Absent","equal","E2_22_GV","rt",868.721717623796
"After change","Absent","equal","E2_23_YS","rt",996.254861649885
"After change","Absent","equal","E2_24_YY","rt",1311.45101146257
"After change","Absent","unequal","E1_01_GQ","rt",962.281935375147
"After change","Absent","unequal","E1_02_PP","rt",984.658316937221
"After change","Absent","unequal","E1_03_AH","rt",918.120537939645
"After change","Absent","unequal","E1_05_SX","rt",1024.05609429304
"After change","Absent","unequal","E1_06_MB","rt",1002.70516069738
"After change","Absent","unequal","E1_07_HS","rt",893.60681697824
"After change","Absent","unequal","E1_08_UA","rt",998.127055890198
"After change","Absent","unequal","E1_09_BK","rt",637.544676087839
"After change","Absent","unequal","E1_10_ZK","rt",755.510006369393
"After change","Absent","unequal","E1_11_MS","rt",1037.1405027035
"After change","Absent","unequal","E1_12_JM","rt",958.553071382699
"After change","Absent","unequal","E1_13_GV","rt",1216.24066304233
"After change","Absent","unequal","E1_14_VB","rt",873.005360162413
"After change","Absent","unequal","E1_15_SS","rt",1406.01282309433
"After change","Absent","unequal","E1_16_THL","rt",1569.30687557379
"After change","Absent","unequal","E1_17_JSM","rt",1003.39999049459
"After change","Absent","unequal","E1_18_YP","rt",940.110515058275
"After change","Absent","unequal","E1_19_AM","rt",1231.48524477563
"After change","Absent","unequal","E1_20_MK","rt",694.14137818002
"After change","Absent","unequal","E1_21_RNB","rt",1593.43707994638
"After change","Absent","unequal","E1_22_LIU","rt",1143.42596030987
"After change","Absent","unequal","E1_23_JX","rt",959.498993385374
"After change","Absent","unequal","E1_24_RMS","rt",1395.68857271721
"After change","Absent","unequal","E1_XF","rt",1041.81365147189
"After change","Freq. dist.","equal","E2_01_JM","rt",1152.58736701219
"After change","Freq. dist.","equal","E2_02_YN","rt",989.28166950646
"After change","Freq. dist.","equal","E2_03_XY","rt",1706.37919214874
"After change","Freq. dist.","equal","E2_04_ER","rt",1268.01998241523
"After change","Freq. dist.","equal","E2_05_YS","rt",1740.7037418227
"After change","Freq. dist.","equal","E2_06_ER","rt",2268.61004555185
"After change","Freq. dist.","equal","E2_07_NS","rt",1131.42706552644
"After change","Freq. dist.","equal","E2_08_YW","rt",1131.22512324857
"After change","Freq. dist.","equal","E2_09_WYY","rt",1267.62278261545
"After change","Freq. dist.","equal","E2_10_SSW","rt",806.24030765777
"After change","Freq. dist.","equal","E2_11_FS","rt",1147.24041883949
"After change","Freq. dist.","equal","E2_12_AH","rt",1183.33955785867
"After change","Freq. dist.","equal","E2_13_HAB","rt",1343.33412172883
"After change","Freq. dist.","equal","E2_14_RS","rt",1225.96684229004
"After change","Freq. dist.","equal","E2_15_LL","rt",940.826755892234
"After change","Freq. dist.","equal","E2_16_BK","rt",724.856713009406
"After change","Freq. dist.","equal","E2_17_HS","rt",1282.45277838869
"After change","Freq. dist.","equal","E2_18_PP","rt",1176.83996419744
"After change","Freq. dist.","equal","E2_19_JX","rt",941.351936775492
"After change","Freq. dist.","equal","E2_20_JW","rt",1391.62607889612
"After change","Freq. dist.","equal","E2_21_SM","rt",1083.30660927863
"After change","Freq. dist.","equal","E2_22_GV","rt",879.701793240345
"After change","Freq. dist.","equal","E2_23_YS","rt",1454.97082373391
"After change","Freq. dist.","equal","E2_24_YY","rt",1690.53871846644
"After change","Freq. dist.","unequal","E1_01_GQ","rt",1119.90605860765
"After change","Freq. dist.","unequal","E1_02_PP","rt",1150.10170569155
"After change","Freq. dist.","unequal","E1_03_AH","rt",1145.70024582638
"After change","Freq. dist.","unequal","E1_05_SX","rt",1292.56144079025
"After change","Freq. dist.","unequal","E1_06_MB","rt",1279.91952122105
"After change","Freq. dist.","unequal","E1_07_HS","rt",1386.93433683754
"After change","Freq. dist.","unequal","E1_08_UA","rt",1309.40894834991
"After change","Freq. dist.","unequal","E1_09_BK","rt",703.526012287699
"After change","Freq. dist.","unequal","E1_10_ZK","rt",895.497214241258
"After change","Freq. dist.","unequal","E1_11_MS","rt",1302.46067866282
"After change","Freq. dist.","unequal","E1_12_JM","rt",1032.00623940129
"After change","Freq. dist.","unequal","E1_13_GV","rt",1069.19161166684
"After change","Freq. dist.","unequal","E1_14_VB","rt",932.437317333395
"After change","Freq. dist.","unequal","E1_15_SS","rt",1524.02033974731
"After change","Freq. dist.","unequal","E1_16_THL","rt",1767.04632025312
"After change","Freq. dist.","unequal","E1_17_JSM","rt",1296.0163999585
"After change","Freq. dist.","unequal","E1_18_YP","rt",1203.08228984579
"After change","Freq. dist.","unequal","E1_19_AM","rt",1608.88194387617
"After change","Freq. dist.","unequal","E1_20_MK","rt",820.344881602124
"After change","Freq. dist.","unequal","E1_21_RNB","rt",1827.84631691218
"After change","Freq. dist.","unequal","E1_22_LIU","rt",1411.99706568018
"After change","Freq. dist.","unequal","E1_23_JX","rt",1102.63800953173
"After change","Freq. dist.","unequal","E1_24_RMS","rt",1541.75822386627
"After change","Freq. dist.","unequal","E1_XF","rt",1146.01739285703
"After change","Rare dist.","equal","E2_01_JM","rt",1142.37117941945
"After change","Rare dist.","equal","E2_02_YN","rt",878.427315575034
"After change","Rare dist.","equal","E2_03_XY","rt",1408.54972581257
"After change","Rare dist.","equal","E2_04_ER","rt",1337.9836795556
"After change","Rare dist.","equal","E2_05_YS","rt",1702.74924096287
"After change","Rare dist.","equal","E2_06_ER","rt",2067.13859187298
"After change","Rare dist.","equal","E2_07_NS","rt",1105.01970379066
"After change","Rare dist.","equal","E2_08_YW","rt",1208.76918401194
"After change","Rare dist.","equal","E2_09_WYY","rt",1276.4665793438
"After change","Rare dist.","equal","E2_10_SSW","rt",916.835197525104
"After change","Rare dist.","equal","E2_11_FS","rt",1130.4345264503
"After change","Rare dist.","equal","E2_12_AH","rt",1186.75696666821
"After change","Rare dist.","equal","E2_13_HAB","rt",1065.85415791407
"After change","Rare dist.","equal","E2_14_RS","rt",1221.56638123836
"After change","Rare dist.","equal","E2_15_LL","rt",896.734640267561
"After change","Rare dist.","equal","E2_16_BK","rt",693.362127662251
"After change","Rare dist.","equal","E2_17_HS","rt",1177.07245895783
"After change","Rare dist.","equal","E2_18_PP","rt",1198.51958797177
"After change","Rare dist.","equal","E2_19_JX","rt",942.208261561859
"After change","Rare dist.","equal","E2_20_JW","rt",1412.7076579279
"After change","Rare dist.","equal","E2_21_SM","rt",1113.72383488666
"After change","Rare dist.","equal","E2_22_GV","rt",1121.60379425682
"After change","Rare dist.","equal","E2_23_YS","rt",1539.76482402748
"After change","Rare dist.","equal","E2_24_YY","rt",1702.33862260434
"After change","Rare dist.","unequal","E1_01_GQ","rt",1069.15528221792
"After change","Rare dist.","unequal","E1_02_PP","rt",1191.432971659
"After change","Rare dist.","unequal","E1_03_AH","rt",1229.98406022327
"After change","Rare dist.","unequal","E1_05_SX","rt",1212.03570142939
"After change","Rare dist.","unequal","E1_06_MB","rt",1377.98185237898
"After change","Rare dist.","unequal","E1_07_HS","rt",1382.43605490259
"After change","Rare dist.","unequal","E1_08_UA","rt",1288.39423437272
"After change","Rare dist.","unequal","E1_09_BK","rt",698.255462182601
"After change","Rare dist.","unequal","E1_10_ZK","rt",1027.90236086123
"After change","Rare dist.","unequal","E1_11_MS","rt",1458.46327597689
"After change","Rare dist.","unequal","E1_12_JM","rt",1072.84152183767
"After change","Rare dist.","unequal","E1_13_GV","rt",1266.81811557986
"After change","Rare dist.","unequal","E1_14_VB","rt",1044.78482351388
"After change","Rare dist.","unequal","E1_15_SS","rt",1537.72814587078
"After change","Rare dist.","unequal","E1_16_THL","rt",1776.52983793475
"After change","Rare dist.","unequal","E1_17_JSM","rt",1252.67731400221
"After change","Rare dist.","unequal","E1_18_YP","rt",1297.7835098003
"After change","Rare dist.","unequal","E1_19_AM","rt",1738.04944002743
"After change","Rare dist.","unequal","E1_20_MK","rt",865.878389346631
"After change","Rare dist.","unequal","E1_21_RNB","rt",1921.78763266145
"After change","Rare dist.","unequal","E1_22_LIU","rt",1451.25544720821
"After change","Rare dist.","unequal","E1_23_JX","rt",1143.67720250235
"After change","Rare dist.","unequal","E1_24_RMS","rt",1516.64831973086
"After change","Rare dist.","unequal","E1_XF","rt",1266.03297534559
"Before change","Absent","equal","E2_01_JM","ftf_RT",381.01436149716
"Before change","Absent","equal","E2_02_YN","ftf_RT",421.773767990734
"Before change","Absent","equal","E2_03_XY","ftf_RT",641.34514620589
"Before change","Absent","equal","E2_04_ER","ftf_RT",338.161531239051
"Before change","Absent","equal","E2_05_YS","ftf_RT",818.556793363219
"Before change","Absent","equal","E2_06_ER","ftf_RT",694.359380866445
"Before change","Absent","equal","E2_07_NS","ftf_RT",434.758831499129
"Before change","Absent","equal","E2_08_YW","ftf_RT",561.230930893925
"Before change","Absent","equal","E2_09_WYY","ftf_RT",488.987668698942
"Before change","Absent","equal","E2_10_SSW","ftf_RT",392.910616347648
"Before change","Absent","equal","E2_11_FS","ftf_RT",547.332000395865
"Before change","Absent","equal","E2_12_AH","ftf_RT",479.807905934488
"Before change","Absent","equal","E2_13_HAB","ftf_RT",630.145415020796
"Before change","Absent","equal","E2_14_RS","ftf_RT",545.354925819142
"Before change","Absent","equal","E2_15_LL","ftf_RT",438.533073279292
"Before change","Absent","equal","E2_16_BK","ftf_RT",341.489954055299
"Before change","Absent","equal","E2_17_HS","ftf_RT",411.19427238119
"Before change","Absent","equal","E2_18_PP","ftf_RT",436.218280656877
"Before change","Absent","equal","E2_19_JX","ftf_RT",360.881314888292
"Before change","Absent","equal","E2_20_JW","ftf_RT",491.33808488642
"Before change","Absent","equal","E2_21_SM","ftf_RT",370.369654518933
"Before change","Absent","equal","E2_22_GV","ftf_RT",468.82408024943
"Before change","Absent","equal","E2_23_YS","ftf_RT",578.595232653396
"Before change","Absent","equal","E2_24_YY","ftf_RT",443.333752554555
"Before change","Absent","unequal","E1_01_GQ","ftf_RT",500.388420016104
"Before change","Absent","unequal","E1_02_PP","ftf_RT",458.25404316967
"Before change","Absent","unequal","E1_03_AH","ftf_RT",503.566596422648
"Before change","Absent","unequal","E1_05_SX","ftf_RT",573.773967786061
"Before change","Absent","unequal","E1_06_MB","ftf_RT",811.365067876042
"Before change","Absent","unequal","E1_07_HS","ftf_RT",442.980282475973
"Before change","Absent","unequal","E1_08_UA","ftf_RT",569.741837615407
"Before change","Absent","unequal","E1_09_BK","ftf_RT",398.22028230615
"Before change","Absent","unequal","E1_10_ZK","ftf_RT",422.696101613115
"Before change","Absent","unequal","E1_11_MS","ftf_RT",513.459385841158
"Before change","Absent","unequal","E1_12_JM","ftf_RT",395.1422147959
"Before change","Absent","unequal","E1_13_GV","ftf_RT",556.06168482269
"Before change","Absent","unequal","E1_14_VB","ftf_RT",471.136280067766
"Before change","Absent","unequal","E1_15_SS","ftf_RT",458.12178871248
"Before change","Absent","unequal","E1_16_THL","ftf_RT",641.723234375556
"Before change","Absent","unequal","E1_17_JSM","ftf_RT",442.305868502474
"Before change","Absent","unequal","E1_18_YP","ftf_RT",515.655926455379
"Before change","Absent","unequal","E1_19_AM","ftf_RT",566.049335734722
"Before change","Absent","unequal","E1_20_MK","ftf_RT",365.218342993939
"Before change","Absent","unequal","E1_21_RNB","ftf_RT",652.468798609037
"Before change","Absent","unequal","E1_22_LIU","ftf_RT",524.998460507466
"Before change","Absent","unequal","E1_23_JX","ftf_RT",540.848796235357
"Before change","Absent","unequal","E1_24_RMS","ftf_RT",647.747973279863
"Before change","Absent","unequal","E1_XF","ftf_RT",489.524680662166
"Before change","Freq. dist.","equal","E2_01_JM","ftf_RT",534.801352264286
"Before change","Freq. dist.","equal","E2_02_YN","ftf_RT",529.973804473767
"Before change","Freq. dist.","equal","E2_03_XY","ftf_RT",835.614894922463
"Before change","Freq. dist.","equal","E2_04_ER","ftf_RT",581.298064944262
"Before change","Freq. dist.","equal","E2_05_YS","ftf_RT",1004.01205776761
"Before change","Freq. dist.","equal","E2_06_ER","ftf_RT",1029.71015654424
"Before change","Freq. dist.","equal","E2_07_NS","ftf_RT",627.393710958017
"Before change","Freq. dist.","equal","E2_08_YW","ftf_RT",690.69913482185
"Before change","Freq. dist.","equal","E2_09_WYY","ftf_RT",721.369532136805
"Before change","Freq. dist.","equal","E2_10_SSW","ftf_RT",453.657960526774
"Before change","Freq. dist.","equal","E2_11_FS","ftf_RT",744.802987256473
"Before change","Freq. dist.","equal","E2_12_AH","ftf_RT",616.078017730954
"Before change","Freq. dist.","equal","E2_13_HAB","ftf_RT",975.800443665723
"Before change","Freq. dist.","equal","E2_14_RS","ftf_RT",836.085245337088
"Before change","Freq. dist.","equal","E2_15_LL","ftf_RT",584.246075682628
"Before change","Freq. dist.","equal","E2_16_BK","ftf_RT",409.192558914909
"Before change","Freq. dist.","equal","E2_17_HS","ftf_RT",625.066881808773
"Before change","Freq. dist.","equal","E2_18_PP","ftf_RT",536.77763161848
"Before change","Freq. dist.","equal","E2_19_JX","ftf_RT",480.294152251296
"Before change","Freq. dist.","equal","E2_20_JW","ftf_RT",878.300172325275
"Before change","Freq. dist.","equal","E2_21_SM","ftf_RT",602.410985370354
"Before change","Freq. dist.","equal","E2_22_GV","ftf_RT",713.609423247544
"Before change","Freq. dist.","equal","E2_23_YS","ftf_RT",938.092666114276
"Before change","Freq. dist.","equal","E2_24_YY","ftf_RT",633.099362886166
"Before change","Freq. dist.","unequal","E1_01_GQ","ftf_RT",596.718212993977
"Before change","Freq. dist.","unequal","E1_02_PP","ftf_RT",556.185733295251
"Before change","Freq. dist.","unequal","E1_03_AH","ftf_RT",632.082529459028
"Before change","Freq. dist.","unequal","E1_05_SX","ftf_RT",723.822568088642
"Before change","Freq. dist.","unequal","E1_06_MB","ftf_RT",935.209972305694
"Before change","Freq. dist.","unequal","E1_07_HS","ftf_RT",644.690134638302
"Before change","Freq. dist.","unequal","E1_08_UA","ftf_RT",670.95091894656
"Before change","Freq. dist.","unequal","E1_09_BK","ftf_RT",449.294663938467
"Before change","Freq. dist.","unequal","E1_10_ZK","ftf_RT",553.093444770934
"Before change","Freq. dist.","unequal","E1_11_MS","ftf_RT",688.736386472871
"Before change","Freq. dist.","unequal","E1_12_JM","ftf_RT",505.965260923632
"Before change","Freq. dist.","unequal","E1_13_GV","ftf_RT",817.41179190741
"Before change","Freq. dist.","unequal","E1_14_VB","ftf_RT",516.267702868228
"Before change","Freq. dist.","unequal","E1_15_SS","ftf_RT",540.306655199167
"Before change","Freq. dist.","unequal","E1_16_THL","ftf_RT",843.658849797712
"Before change","Freq. dist.","unequal","E1_17_JSM","ftf_RT",628.467964149896
"Before change","Freq. dist.","unequal","E1_18_YP","ftf_RT",747.055867379349
"Before change","Freq. dist.","unequal","E1_19_AM","ftf_RT",817.48839227455
"Before change","Freq. dist.","unequal","E1_20_MK","ftf_RT",484.288621699208
"Before change","Freq. dist.","unequal","E1_21_RNB","ftf_RT",808.85063488287
"Before change","Freq. dist.","unequal","E1_22_LIU","ftf_RT",656.129929638183
"Before change","Freq. dist.","unequal","E1_23_JX","ftf_RT",714.118254694388
"Before change","Freq. dist.","unequal","E1_24_RMS","ftf_RT",747.740769795291
"Before change","Freq. dist.","unequal","E1_XF","ftf_RT",584.391015366
"Before change","Rare dist.","equal","E2_01_JM","ftf_RT",480.93643431375
"Before change","Rare dist.","equal","E2_02_YN","ftf_RT",536.575937870046
"Before change","Rare dist.","equal","E2_03_XY","ftf_RT",890.907184053706
"Before change","Rare dist.","equal","E2_04_ER","ftf_RT",589.058021751392
"Before change","Rare dist.","equal","E2_05_YS","ftf_RT",867.996981804977
"Before change","Rare dist.","equal","E2_06_ER","ftf_RT",1054.85625757991
"Before change","Rare dist.","equal","E2_07_NS","ftf_RT",661.103838743897
"Before change","Rare dist.","equal","E2_08_YW","ftf_RT",796.919395526061
"Before change","Rare dist.","equal","E2_09_WYY","ftf_RT",687.025881495644
"Before change","Rare dist.","equal","E2_10_SSW","ftf_RT",519.793410845908
"Before change","Rare dist.","equal","E2_11_FS","ftf_RT",744.166557632161
"Before change","Rare dist.","equal","E2_12_AH","ftf_RT",674.737278288584
"Before change","Rare dist.","equal","E2_13_HAB","ftf_RT",831.017954058356
"Before change","Rare dist.","equal","E2_14_RS","ftf_RT",877.208314584674
"Before change","Rare dist.","equal","E2_15_LL","ftf_RT",559.622223265886
"Before change","Rare dist.","equal","E2_16_BK","ftf_RT",418.77616336933
"Before change","Rare dist.","equal","E2_17_HS","ftf_RT",632.004443398598
"Before change","Rare dist.","equal","E2_18_PP","ftf_RT",624.06984714342
"Before change","Rare dist.","equal","E2_19_JX","ftf_RT",515.518841124066
"Before change","Rare dist.","equal","E2_20_JW","ftf_RT",802.946481436265
"Before change","Rare dist.","equal","E2_21_SM","ftf_RT",661.767765930739
"Before change","Rare dist.","equal","E2_22_GV","ftf_RT",818.764860582734
"Before change","Rare dist.","equal","E2_23_YS","ftf_RT",999.982870868535
"Before change","Rare dist.","equal","E2_24_YY","ftf_RT",654.762218838061
"Before change","Rare dist.","unequal","E1_01_GQ","ftf_RT",747.578123275625
"Before change","Rare dist.","unequal","E1_02_PP","ftf_RT",590.448448249346
"Before change","Rare dist.","unequal","E1_03_AH","ftf_RT",714.481852442987
"Before change","Rare dist.","unequal","E1_05_SX","ftf_RT",966.725111689903
"Before change","Rare dist.","unequal","E1_06_MB","ftf_RT",1013.22260630726
"Before change","Rare dist.","unequal","E1_07_HS","ftf_RT",718.522941230913
"Before change","Rare dist.","unequal","E1_08_UA","ftf_RT",654.515993371855
"Before change","Rare dist.","unequal","E1_09_BK","ftf_RT",457.39182494543
"Before change","Rare dist.","unequal","E1_10_ZK","ftf_RT",656.131385904903
"Before change","Rare dist.","unequal","E1_11_MS","ftf_RT",780.62289665263
"Before change","Rare dist.","unequal","E1_12_JM","ftf_RT",510.256653786272
"Before change","Rare dist.","unequal","E1_13_GV","ftf_RT",1107.63399557701
"Before change","Rare dist.","unequal","E1_14_VB","ftf_RT",579.075951807975
"Before change","Rare dist.","unequal","E1_15_SS","ftf_RT",592.785844247216
"Before change","Rare dist.","unequal","E1_16_THL","ftf_RT",936.467447695972
"Before change","Rare dist.","unequal","E1_17_JSM","ftf_RT",683.452012327108
"Before change","Rare dist.","unequal","E1_18_YP","ftf_RT",775.795774574393
"Before change","Rare dist.","unequal","E1_19_AM","ftf_RT",932.492695861204
"Before change","Rare dist.","unequal","E1_20_MK","ftf_RT",512.50959560815
"Before change","Rare dist.","unequal","E1_21_RNB","ftf_RT",831.863753983145
"Before change","Rare dist.","unequal","E1_22_LIU","ftf_RT",701.021522945962
"Before change","Rare dist.","unequal","E1_23_JX","ftf_RT",648.988741365793
"Before change","Rare dist.","unequal","E1_24_RMS","ftf_RT",725.340891919879
"Before change","Rare dist.","unequal","E1_XF","ftf_RT",655.734844781747
"After change","Absent","equal","E2_01_JM","ftf_RT",381.560166216552
"After change","Absent","equal","E2_02_YN","ftf_RT",373.723550812202
"After change","Absent","equal","E2_03_XY","ftf_RT",559.483351297323
"After change","Absent","equal","E2_04_ER","ftf_RT",309.995156879223
"After change","Absent","equal","E2_05_YS","ftf_RT",814.71645463878
"After change","Absent","equal","E2_06_ER","ftf_RT",636.612674396824
"After change","Absent","equal","E2_07_NS","ftf_RT",388.565996727157
"After change","Absent","equal","E2_08_YW","ftf_RT",477.949261937518
"After change","Absent","equal","E2_09_WYY","ftf_RT",437.4969865577
"After change","Absent","equal","E2_10_SSW","ftf_RT",376.027479603851
"After change","Absent","equal","E2_11_FS","ftf_RT",397.90851672193
"After change","Absent","equal","E2_12_AH","ftf_RT",427.834280819287
"After change","Absent","equal","E2_13_HAB","ftf_RT",577.18044869729
"After change","Absent","equal","E2_14_RS","ftf_RT",480.97131299057
"After change","Absent","equal","E2_15_LL","ftf_RT",399.339850331636
"After change","Absent","equal","E2_16_BK","ftf_RT",323.964458622955
"After change","Absent","equal","E2_17_HS","ftf_RT",376.697357557256
"After change","Absent","equal","E2_18_PP","ftf_RT",397.819671615717
"After change","Absent","equal","E2_19_JX","ftf_RT",353.42730297772
"After change","Absent","equal","E2_20_JW","ftf_RT",445.024843180092
"After change","Absent","equal","E2_21_SM","ftf_RT",344.155624320364
"After change","Absent","equal","E2_22_GV","ftf_RT",462.185440534277
"After change","Absent","equal","E2_23_YS","ftf_RT",452.291815901157
"After change","Absent","equal","E2_24_YY","ftf_RT",498.157353872228
"After change","Absent","unequal","E1_01_GQ","ftf_RT",414.571428563755
"After change","Absent","unequal","E1_02_PP","ftf_RT",431.583858543369
"After change","Absent","unequal","E1_03_AH","ftf_RT",418.229051308846
"After change","Absent","unequal","E1_05_SX","ftf_RT",520.6054640642
"After change","Absent","unequal","E1_06_MB","ftf_RT",591.303332902133
"After change","Absent","unequal","E1_07_HS","ftf_RT",437.653606807383
"After change","Absent","unequal","E1_08_UA","ftf_RT",559.683149256064
"After change","Absent","unequal","E1_09_BK","ftf_RT",360.257961569929
"After change","Absent","unequal","E1_10_ZK","ftf_RT",353.928422439857
"After change","Absent","unequal","E1_11_MS","ftf_RT",446.352058253197
"After change","Absent","unequal","E1_12_JM","ftf_RT",394.852708836272
"After change","Absent","unequal","E1_13_GV","ftf_RT",714.648509251029
"After change","Absent","unequal","E1_14_VB","ftf_RT",388.744267195675
"After change","Absent","unequal","E1_15_SS","ftf_RT",555.867786772334
"After change","Absent","unequal","E1_16_THL","ftf_RT",616.297080461699
"After change","Absent","unequal","E1_17_JSM","ftf_RT",373.896608759007
"After change","Absent","unequal","E1_18_YP","ftf_RT",424.502252265557
"After change","Absent","unequal","E1_19_AM","ftf_RT",514.205326895311
"After change","Absent","unequal","E1_20_MK","ftf_RT",324.474254639106
"After change","Absent","unequal","E1_21_RNB","ftf_RT",593.260183935863
"After change","Absent","unequal","E1_22_LIU","ftf_RT",509.476875440242
"After change","Absent","unequal","E1_23_JX","ftf_RT",456.544284526681
"After change","Absent","unequal","E1_24_RMS","ftf_RT",526.327868363246
"After change","Absent","unequal","E1_XF","ftf_RT",442.307149803463
"After change","Freq. dist.","equal","E2_01_JM","ftf_RT",444.403710491971
"After change","Freq. dist.","equal","E2_02_YN","ftf_RT",498.245709820619
"After change","Freq. dist.","equal","E2_03_XY","ftf_RT",831.230782909794
"After change","Freq. dist.","equal","E2_04_ER","ftf_RT",530.848053912983
"After change","Freq. dist.","equal","E2_05_YS","ftf_RT",879.440039345591
"After change","Freq. dist.","equal","E2_06_ER","ftf_RT",715.571735639332
"After change","Freq. dist.","equal","E2_07_NS","ftf_RT",536.031956709606
"After change","Freq. dist.","equal","E2_08_YW","ftf_RT",572.758736192013
"After change","Freq. dist.","equal","E2_09_WYY","ftf_RT",600.923315915578
"After change","Freq. dist.","equal","E2_10_SSW","ftf_RT",393.074185514946
"After change","Freq. dist.","equal","E2_11_FS","ftf_RT",572.711183447226
"After change","Freq. dist.","equal","E2_12_AH","ftf_RT",599.462496929699
"After change","Freq. dist.","equal","E2_13_HAB","ftf_RT",822.847060910687
"After change","Freq. dist.","equal","E2_14_RS","ftf_RT",684.750193985861
"After change","Freq. dist.","equal","E2_15_LL","ftf_RT",511.405990895722
"After change","Freq. dist.","equal","E2_16_BK","ftf_RT",400.49161556991
"After change","Freq. dist.","equal","E2_17_HS","ftf_RT",709.162415288672
"After change","Freq. dist.","equal","E2_18_PP","ftf_RT",528.974550654018
"After change","Freq. dist.","equal","E2_19_JX","ftf_RT",485.704157318785
"After change","Freq. dist.","equal","E2_20_JW","ftf_RT",772.912137979905
"After change","Freq. dist.","equal","E2_21_SM","ftf_RT",508.785811602946
"After change","Freq. dist.","equal","E2_22_GV","ftf_RT",468.00995595875
"After change","Freq. dist.","equal","E2_23_YS","ftf_RT",657.39294903749
"After change","Freq. dist.","equal","E2_24_YY","ftf_RT",766.685414000045
"After change","Freq. dist.","unequal","E1_01_GQ","ftf_RT",523.425780612642
"After change","Freq. dist.","unequal","E1_02_PP","ftf_RT",514.219642039082
"After change","Freq. dist.","unequal","E1_03_AH","ftf_RT",559.785067103521
"After change","Freq. dist.","unequal","E1_05_SX","ftf_RT",740.910492653812
"After change","Freq. dist.","unequal","E1_06_MB","ftf_RT",758.260379960344
"After change","Freq. dist.","unequal","E1_07_HS","ftf_RT",715.779230339
"After change","Freq. dist.","unequal","E1_08_UA","ftf_RT",797.175773267857
"After change","Freq. dist.","unequal","E1_09_BK","ftf_RT",401.577746729504
"After change","Freq. dist.","unequal","E1_10_ZK","ftf_RT",463.804435376423
"After change","Freq. dist.","unequal","E1_11_MS","ftf_RT",595.143630666974
"After change","Freq. dist.","unequal","E1_12_JM","ftf_RT",483.388676376846
"After change","Freq. dist.","unequal","E1_13_GV","ftf_RT",702.249817290635
"After change","Freq. dist.","unequal","E1_14_VB","ftf_RT",435.232710486882
"After change","Freq. dist.","unequal","E1_15_SS","ftf_RT",570.381848642091
"After change","Freq. dist.","unequal","E1_16_THL","ftf_RT",788.7564630055
"After change","Freq. dist.","unequal","E1_17_JSM","ftf_RT",508.000381831448
"After change","Freq. dist.","unequal","E1_18_YP","ftf_RT",640.063276571695
"After change","Freq. dist.","unequal","E1_19_AM","ftf_RT",630.30057645672
"After change","Freq. dist.","unequal","E1_20_MK","ftf_RT",418.052921985554
"After change","Freq. dist.","unequal","E1_21_RNB","ftf_RT",752.257704007515
"After change","Freq. dist.","unequal","E1_22_LIU","ftf_RT",666.413921564344
"After change","Freq. dist.","unequal","E1_23_JX","ftf_RT",569.243368936255
"After change","Freq. dist.","unequal","E1_24_RMS","ftf_RT",736.959248618683
"After change","Freq. dist.","unequal","E1_XF","ftf_RT",581.670602987563
"After change","Rare dist.","equal","E2_01_JM","ftf_RT",452.276562673468
"After change","Rare dist.","equal","E2_02_YN","ftf_RT",454.556862395949
"After change","Rare dist.","equal","E2_03_XY","ftf_RT",675.3643281859
"After change","Rare dist.","equal","E2_04_ER","ftf_RT",538.405385090938
"After change","Rare dist.","equal","E2_05_YS","ftf_RT",900.464098932143
"After change","Rare dist.","equal","E2_06_ER","ftf_RT",1020.25067415119
"After change","Rare dist.","equal","E2_07_NS","ftf_RT",548.733969940885
"After change","Rare dist.","equal","E2_08_YW","ftf_RT",600.468712882905
"After change","Rare dist.","equal","E2_09_WYY","ftf_RT",613.617184366883
"After change","Rare dist.","equal","E2_10_SSW","ftf_RT",410.086369514295
"After change","Rare dist.","equal","E2_11_FS","ftf_RT",590.182207955645
"After change","Rare dist.","equal","E2_12_AH","ftf_RT",585.50418267514
"After change","Rare dist.","equal","E2_13_HAB","ftf_RT",700.499939305802
"After change","Rare dist.","equal","E2_14_RS","ftf_RT",760.176136539955
"After change","Rare dist.","equal","E2_15_LL","ftf_RT",516.168993624789
"After change","Rare dist.","equal","E2_16_BK","ftf_RT",410.55740641395
"After change","Rare dist.","equal","E2_17_HS","ftf_RT",663.178350306314
"After change","Rare dist.","equal","E2_18_PP","ftf_RT",568.947964585398
"After change","Rare dist.","equal","E2_19_JX","ftf_RT",507.655862632485
"After change","Rare dist.","equal","E2_20_JW","ftf_RT",740.1533256717
"After change","Rare dist.","equal","E2_21_SM","ftf_RT",487.742152881178
"After change","Rare dist.","equal","E2_22_GV","ftf_RT",592.689323317138
"After change","Rare dist.","equal","E2_23_YS","ftf_RT",826.862198315856
"After change","Rare dist.","equal","E2_24_YY","ftf_RT",745.519034089869
"After change","Rare dist.","unequal","E1_01_GQ","ftf_RT",514.339246480447
"After change","Rare dist.","unequal","E1_02_PP","ftf_RT",536.125311688711
"After change","Rare dist.","unequal","E1_03_AH","ftf_RT",577.243901117887
"After change","Rare dist.","unequal","E1_05_SX","ftf_RT",733.532430898861
"After change","Rare dist.","unequal","E1_06_MB","ftf_RT",864.807551567975
"After change","Rare dist.","unequal","E1_07_HS","ftf_RT",736.400597808192
"After change","Rare dist.","unequal","E1_08_UA","ftf_RT",872.404626412225
"After change","Rare dist.","unequal","E1_09_BK","ftf_RT",429.305713545621
"After change","Rare dist.","unequal","E1_10_ZK","ftf_RT",505.489833944011
"After change","Rare dist.","unequal","E1_11_MS","ftf_RT",713.287103318352
"After change","Rare dist.","unequal","E1_12_JM","ftf_RT",528.257738220095
"After change","Rare dist.","unequal","E1_13_GV","ftf_RT",744.738602723146
"After change","Rare dist.","unequal","E1_14_VB","ftf_RT",536.433457028927
"After change","Rare dist.","unequal","E1_15_SS","ftf_RT",683.514033044321
"After change","Rare dist.","unequal","E1_16_THL","ftf_RT",855.827256125293
"After change","Rare dist.","unequal","E1_17_JSM","ftf_RT",462.174374394279
"After change","Rare dist.","unequal","E1_18_YP","ftf_RT",651.374455510002
"After change","Rare dist.","unequal","E1_19_AM","ftf_RT",882.283719512467
"After change","Rare dist.","unequal","E1_20_MK","ftf_RT",468.347138006251
"After change","Rare dist.","unequal","E1_21_RNB","ftf_RT",837.677203177348
"After change","Rare dist.","unequal","E1_22_LIU","ftf_RT",684.434839209792
"After change","Rare dist.","unequal","E1_23_JX","ftf_RT",579.928880966845
"After change","Rare dist.","unequal","E1_24_RMS","ftf_RT",665.451980271695
"After change","Rare dist.","unequal","E1_XF","ftf_RT",682.81549713416
"Before change","Absent","equal","E2_01_JM","mtf_RT",184.512035135452
"Before change","Absent","equal","E2_02_YN","mtf_RT",29.5815599981999
"Before change","Absent","equal","E2_03_XY","mtf_RT",158.250939904132
"Before change","Absent","equal","E2_04_ER","mtf_RT",63.5664977946588
"Before change","Absent","equal","E2_05_YS","mtf_RT",325.864549616707
"Before change","Absent","equal","E2_06_ER","mtf_RT",305.368393445992
"Before change","Absent","equal","E2_07_NS","mtf_RT",102.19909677961
"Before change","Absent","equal","E2_08_YW","mtf_RT",132.453779777962
"Before change","Absent","equal","E2_09_WYY","mtf_RT",244.554452163228
"Before change","Absent","equal","E2_10_SSW","mtf_RT",47.7640990948975
"Before change","Absent","equal","E2_11_FS","mtf_RT",162.68606115897
"Before change","Absent","equal","E2_12_AH","mtf_RT",203.760822678612
"Before change","Absent","equal","E2_13_HAB","mtf_RT",52.5596828839025
"Before change","Absent","equal","E2_14_RS","mtf_RT",160.80712926172
"Before change","Absent","equal","E2_15_LL","mtf_RT",102.565378283189
"Before change","Absent","equal","E2_16_BK","mtf_RT",10.1995274315046
"Before change","Absent","equal","E2_17_HS","mtf_RT",35.6854173612271
"Before change","Absent","equal","E2_18_PP","mtf_RT",195.288954574805
"Before change","Absent","equal","E2_19_JX","mtf_RT",32.3475763813256
"Before change","Absent","equal","E2_20_JW","mtf_RT",121.343499513542
"Before change","Absent","equal","E2_21_SM","mtf_RT",207.569664264858
"Before change","Absent","equal","E2_22_GV","mtf_RT",7.3200283567613
"Before change","Absent","equal","E2_23_YS","mtf_RT",249.29139392663
"Before change","Absent","equal","E2_24_YY","mtf_RT",191.377806427193
"Before change","Absent","unequal","E1_01_GQ","mtf_RT",191.45051046733
"Before change","Absent","unequal","E1_02_PP","mtf_RT",123.070676187068
"Before change","Absent","unequal","E1_03_AH","mtf_RT",246.000924852355
"Before change","Absent","unequal","E1_05_SX","mtf_RT",56.3806996136768
"Before change","Absent","unequal","E1_06_MB","mtf_RT",38.0502410155025
"Before change","Absent","unequal","E1_07_HS","mtf_RT",67.1236824215699
"Before change","Absent","unequal","E1_08_UA","mtf_RT",104.957045179176
"Before change","Absent","unequal","E1_09_BK","mtf_RT",0
"Before change","Absent","unequal","E1_10_ZK","mtf_RT",55.2452875499761
"Before change","Absent","unequal","E1_11_MS","mtf_RT",150.991984230806
"Before change","Absent","unequal","E1_12_JM","mtf_RT",106.315456276607
"Before change","Absent","unequal","E1_13_GV","mtf_RT",0
"Before change","Absent","unequal","E1_14_VB","mtf_RT",88.7808346575314
"Before change","Absent","unequal","E1_15_SS","mtf_RT",147.570113582616
"Before change","Absent","unequal","E1_16_THL","mtf_RT",405.892637198462
"Before change","Absent","unequal","E1_17_JSM","mtf_RT",161.24924580133
"Before change","Absent","unequal","E1_18_YP","mtf_RT",298.141724716469
"Before change","Absent","unequal","E1_19_AM","mtf_RT",449.46145680373
"Before change","Absent","unequal","E1_20_MK","mtf_RT",32.8688209363329
"Before change","Absent","unequal","E1_21_RNB","mtf_RT",136.262726461227
"Before change","Absent","unequal","E1_22_LIU","mtf_RT",307.543486369188
"Before change","Absent","unequal","E1_23_JX","mtf_RT",164.927339602645
"Before change","Absent","unequal","E1_24_RMS","mtf_RT",219.762909268038
"Before change","Absent","unequal","E1_XF","mtf_RT",40.9478301901788
"Before change","Freq. dist.","equal","E2_01_JM","mtf_RT",256.723645377963
"Before change","Freq. dist.","equal","E2_02_YN","mtf_RT",107.578308275317
"Before change","Freq. dist.","equal","E2_03_XY","mtf_RT",151.867625418476
"Before change","Freq. dist.","equal","E2_04_ER","mtf_RT",138.616956852534
"Before change","Freq. dist.","equal","E2_05_YS","mtf_RT",395.270504946592
"Before change","Freq. dist.","equal","E2_06_ER","mtf_RT",199.642202999144
"Before change","Freq. dist.","equal","E2_07_NS","mtf_RT",97.3849136164168
"Before change","Freq. dist.","equal","E2_08_YW","mtf_RT",104.766151639501
"Before change","Freq. dist.","equal","E2_09_WYY","mtf_RT",207.874275474816
"Before change","Freq. dist.","equal","E2_10_SSW","mtf_RT",107.478817401069
"Before change","Freq. dist.","equal","E2_11_FS","mtf_RT",280.443955829366
"Before change","Freq. dist.","equal","E2_12_AH","mtf_RT",269.831225727263
"Before change","Freq. dist.","equal","E2_13_HAB","mtf_RT",30.1198106892745
"Before change","Freq. dist.","equal","E2_14_RS","mtf_RT",163.001031289255
"Before change","Freq. dist.","equal","E2_15_LL","mtf_RT",173.867910368403
"Before change","Freq. dist.","equal","E2_16_BK","mtf_RT",24.8777947756437
"Before change","Freq. dist.","equal","E2_17_HS","mtf_RT",164.137892482924
"Before change","Freq. dist.","equal","E2_18_PP","mtf_RT",293.081860087348
"Before change","Freq. dist.","equal","E2_19_JX","mtf_RT",152.672695073753
"Before change","Freq. dist.","equal","E2_20_JW","mtf_RT",153.595878602692
"Before change","Freq. dist.","equal","E2_21_SM","mtf_RT",189.897137970707
"Before change","Freq. dist.","equal","E2_22_GV","mtf_RT",0
"Before change","Freq. dist.","equal","E2_23_YS","mtf_RT",176.470745250898
"Before change","Freq. dist.","equal","E2_24_YY","mtf_RT",474.482167723636
"Before change","Freq. dist.","unequal","E1_01_GQ","mtf_RT",230.4458487
"Before change","Freq. dist.","unequal","E1_02_PP","mtf_RT",151.234987425993
"Before change","Freq. dist.","unequal","E1_03_AH","mtf_RT",319.251506401402
"Before change","Freq. dist.","unequal","E1_05_SX","mtf_RT",119.620361879733
"Before change","Freq. dist.","unequal","E1_06_MB","mtf_RT",97.5567557583573
"Before change","Freq. dist.","unequal","E1_07_HS","mtf_RT",138.997987562564
"Before change","Freq. dist.","unequal","E1_08_UA","mtf_RT",123.337212001964
"Before change","Freq. dist.","unequal","E1_09_BK","mtf_RT",13.5026165588243
"Before change","Freq. dist.","unequal","E1_10_ZK","mtf_RT",130.237461819347
"Before change","Freq. dist.","unequal","E1_11_MS","mtf_RT",226.786900475322
"Before change","Freq. dist.","unequal","E1_12_JM","mtf_RT",137.602168729003
"Before change","Freq. dist.","unequal","E1_13_GV","mtf_RT",117.821549488906
"Before change","Freq. dist.","unequal","E1_14_VB","mtf_RT",97.9462321768056
"Before change","Freq. dist.","unequal","E1_15_SS","mtf_RT",225.555794486703
"Before change","Freq. dist.","unequal","E1_16_THL","mtf_RT",339.086397673185
"Before change","Freq. dist.","unequal","E1_17_JSM","mtf_RT",269.451813786361
"Before change","Freq. dist.","unequal","E1_18_YP","mtf_RT",277.49159111345
"Before change","Freq. dist.","unequal","E1_19_AM","mtf_RT",417.647783652278
"Before change","Freq. dist.","unequal","E1_20_MK","mtf_RT",58.1230514546702
"Before change","Freq. dist.","unequal","E1_21_RNB","mtf_RT",76.6401317076803
"Before change","Freq. dist.","unequal","E1_22_LIU","mtf_RT",282.124725273478
"Before change","Freq. dist.","unequal","E1_23_JX","mtf_RT",181.002602873559
"Before change","Freq. dist.","unequal","E1_24_RMS","mtf_RT",225.236495736507
"Before change","Freq. dist.","unequal","E1_XF","mtf_RT",96.8793881440339
"Before change","Rare dist.","equal","E2_01_JM","mtf_RT",204.511871900488
"Before change","Rare dist.","equal","E2_02_YN","mtf_RT",0
"Before change","Rare dist.","equal","E2_03_XY","mtf_RT",133.977717567177
"Before change","Rare dist.","equal","E2_04_ER","mtf_RT",236.5306655252
"Before change","Rare dist.","equal","E2_05_YS","mtf_RT",417.906303537794
"Before change","Rare dist.","equal","E2_06_ER","mtf_RT",373.464619396845
"Before change","Rare dist.","equal","E2_07_NS","mtf_RT",112.825302742803
"Before change","Rare dist.","equal","E2_08_YW","mtf_RT",196.939434521083
"Before change","Rare dist.","equal","E2_09_WYY","mtf_RT",310.420225461179
"Before change","Rare dist.","equal","E2_10_SSW","mtf_RT",134.340767884999
"Before change","Rare dist.","equal","E2_11_FS","mtf_RT",92.2018520461643
"Before change","Rare dist.","equal","E2_12_AH","mtf_RT",257.530783077285
"Before change","Rare dist.","equal","E2_13_HAB","mtf_RT",67.9870266407109
"Before change","Rare dist.","equal","E2_14_RS","mtf_RT",205.068677733
"Before change","Rare dist.","equal","E2_15_LL","mtf_RT",111.649678908809
"Before change","Rare dist.","equal","E2_16_BK","mtf_RT",29.5232351942889
"Before change","Rare dist.","equal","E2_17_HS","mtf_RT",147.829133482576
"Before change","Rare dist.","equal","E2_18_PP","mtf_RT",190.097998167843
"Before change","Rare dist.","equal","E2_19_JX","mtf_RT",20.0947500127482
"Before change","Rare dist.","equal","E2_20_JW","mtf_RT",132.968857412211
"Before change","Rare dist.","equal","E2_21_SM","mtf_RT",106.533526479706
"Before change","Rare dist.","equal","E2_22_GV","mtf_RT",0
"Before change","Rare dist.","equal","E2_23_YS","mtf_RT",295.576082243961
"Before change","Rare dist.","equal","E2_24_YY","mtf_RT",261.735662222288
"Before change","Rare dist.","unequal","E1_01_GQ","mtf_RT",137.8075906733
"Before change","Rare dist.","unequal","E1_02_PP","mtf_RT",174.771670748493
"Before change","Rare dist.","unequal","E1_03_AH","mtf_RT",277.139850404669
"Before change","Rare dist.","unequal","E1_05_SX","mtf_RT",79.3205497064524
"Before change","Rare dist.","unequal","E1_06_MB","mtf_RT",50.0243602101591
"Before change","Rare dist.","unequal","E1_07_HS","mtf_RT",84.29056696521
"Before change","Rare dist.","unequal","E1_08_UA","mtf_RT",164.514719890056
"Before change","Rare dist.","unequal","E1_09_BK","mtf_RT",0
"Before change","Rare dist.","unequal","E1_10_ZK","mtf_RT",132.735178311931
"Before change","Rare dist.","unequal","E1_11_MS","mtf_RT",165.562248078004
"Before change","Rare dist.","unequal","E1_12_JM","mtf_RT",113.467710235686
"Before change","Rare dist.","unequal","E1_13_GV","mtf_RT",0
"Before change","Rare dist.","unequal","E1_14_VB","mtf_RT",79.8635848125824
"Before change","Rare dist.","unequal","E1_15_SS","mtf_RT",196.768364581221
"Before change","Rare dist.","unequal","E1_16_THL","mtf_RT",283.073167737548
"Before change","Rare dist.","unequal","E1_17_JSM","mtf_RT",395.394007134132
"Before change","Rare dist.","unequal","E1_18_YP","mtf_RT",312.000059710711
"Before change","Rare dist.","unequal","E1_19_AM","mtf_RT",378.071072510238
"Before change","Rare dist.","unequal","E1_20_MK","mtf_RT",40.7973058434429
"Before change","Rare dist.","unequal","E1_21_RNB","mtf_RT",48.9517957387355
"Before change","Rare dist.","unequal","E1_22_LIU","mtf_RT",305.7901544272
"Before change","Rare dist.","unequal","E1_23_JX","mtf_RT",239.428692332171
"Before change","Rare dist.","unequal","E1_24_RMS","mtf_RT",185.576694711932
"Before change","Rare dist.","unequal","E1_XF","mtf_RT",132.788331410334
"After change","Absent","equal","E2_01_JM","mtf_RT",140.68186123327
"After change","Absent","equal","E2_02_YN","mtf_RT",13.0527134223201
"After change","Absent","equal","E2_03_XY","mtf_RT",58.1836895758071
"After change","Absent","equal","E2_04_ER","mtf_RT",32.9713190010765
"After change","Absent","equal","E2_05_YS","mtf_RT",182.652693319964
"After change","Absent","equal","E2_06_ER","mtf_RT",201.916214846313
"After change","Absent","equal","E2_07_NS","mtf_RT",58.808966600453
"After change","Absent","equal","E2_08_YW","mtf_RT",31.2582862611686
"After change","Absent","equal","E2_09_WYY","mtf_RT",139.91435419221
"After change","Absent","equal","E2_10_SSW","mtf_RT",35.1684759316557
"After change","Absent","equal","E2_11_FS","mtf_RT",64.4576228013835
"After change","Absent","equal","E2_12_AH","mtf_RT",118.74773911152
"After change","Absent","equal","E2_13_HAB","mtf_RT",35.6549193473863
"After change","Absent","equal","E2_14_RS","mtf_RT",54.6529888795655
"After change","Absent","equal","E2_15_LL","mtf_RT",19.0957841394241
"After change","Absent","equal","E2_16_BK","mtf_RT",8.0937111122134
"After change","Absent","equal","E2_17_HS","mtf_RT",55.2063654311135
"After change","Absent","equal","E2_18_PP","mtf_RT",59.7198279854011
"After change","Absent","equal","E2_19_JX","mtf_RT",8.56074307764581
"After change","Absent","equal","E2_20_JW","mtf_RT",39.3345889071382
"After change","Absent","equal","E2_21_SM","mtf_RT",58.3846811380771
"After change","Absent","equal","E2_22_GV","mtf_RT",10.8653429243648
"After change","Absent","equal","E2_23_YS","mtf_RT",38.6409695884365
"After change","Absent","equal","E2_24_YY","mtf_RT",106.842030021475
"After change","Absent","unequal","E1_01_GQ","mtf_RT",30.588285072873
"After change","Absent","unequal","E1_02_PP","mtf_RT",71.6559292025501
"After change","Absent","unequal","E1_03_AH","mtf_RT",105.11272199282
"After change","Absent","unequal","E1_05_SX","mtf_RT",42.9855641540168
"After change","Absent","unequal","E1_06_MB","mtf_RT",26.5592148190077
"After change","Absent","unequal","E1_07_HS","mtf_RT",54.096101452341
"After change","Absent","unequal","E1_08_UA","mtf_RT",74.4016376549338
"After change","Absent","unequal","E1_09_BK","mtf_RT",1.20141688469285
"After change","Absent","unequal","E1_10_ZK","mtf_RT",21.5328725559902
"After change","Absent","unequal","E1_11_MS","mtf_RT",129.334447100708
"After change","Absent","unequal","E1_12_JM","mtf_RT",88.4226824711423
"After change","Absent","unequal","E1_13_GV","mtf_RT",80.019102134583
"After change","Absent","unequal","E1_14_VB","mtf_RT",40.7352709607171
"After change","Absent","unequal","E1_15_SS","mtf_RT",320.110375989892
"After change","Absent","unequal","E1_16_THL","mtf_RT",319.861989368849
"After change","Absent","unequal","E1_17_JSM","mtf_RT",128.667935816551
"After change","Absent","unequal","E1_18_YP","mtf_RT",72.5687918876382
"After change","Absent","unequal","E1_19_AM","mtf_RT",223.611385000048
"After change","Absent","unequal","E1_20_MK","mtf_RT",40.800544856905
"After change","Absent","unequal","E1_21_RNB","mtf_RT",197.435220344658
"After change","Absent","unequal","E1_22_LIU","mtf_RT",182.727352682272
"After change","Absent","unequal","E1_23_JX","mtf_RT",89.103063067109
"After change","Absent","unequal","E1_24_RMS","mtf_RT",166.80795855898
"After change","Absent","unequal","E1_XF","mtf_RT",87.4799739573869
"After change","Freq. dist.","equal","E2_01_JM","mtf_RT",196.055525890195
"After change","Freq. dist.","equal","E2_02_YN","mtf_RT",49.0985510971744
"After change","Freq. dist.","equal","E2_03_XY","mtf_RT",92.4242747474232
"After change","Freq. dist.","equal","E2_04_ER","mtf_RT",260.498662013749
"After change","Freq. dist.","equal","E2_05_YS","mtf_RT",294.319342082845
"After change","Freq. dist.","equal","E2_06_ER","mtf_RT",141.966165003032
"After change","Freq. dist.","equal","E2_07_NS","mtf_RT",85.0149489421104
"After change","Freq. dist.","equal","E2_08_YW","mtf_RT",91.5075288976296
"After change","Freq. dist.","equal","E2_09_WYY","mtf_RT",160.004548452442
"After change","Freq. dist.","equal","E2_10_SSW","mtf_RT",55.9897640445094
"After change","Freq. dist.","equal","E2_11_FS","mtf_RT",78.44584585205
"After change","Freq. dist.","equal","E2_12_AH","mtf_RT",123.906594069225
"After change","Freq. dist.","equal","E2_13_HAB","mtf_RT",146.471974544316
"After change","Freq. dist.","equal","E2_14_RS","mtf_RT",13.2174360639767
"After change","Freq. dist.","equal","E2_15_LL","mtf_RT",64.6971502934031
"After change","Freq. dist.","equal","E2_16_BK","mtf_RT",28.5556009326013
"After change","Freq. dist.","equal","E2_17_HS","mtf_RT",77.5457395602968
"After change","Freq. dist.","equal","E2_18_PP","mtf_RT",166.338315592575
"After change","Freq. dist.","equal","E2_19_JX","mtf_RT",41.588352085135
"After change","Freq. dist.","equal","E2_20_JW","mtf_RT",25.5929447931813
"After change","Freq. dist.","equal","E2_21_SM","mtf_RT",96.6464307559132
"After change","Freq. dist.","equal","E2_22_GV","mtf_RT",0
"After change","Freq. dist.","equal","E2_23_YS","mtf_RT",213.210770862516
"After change","Freq. dist.","equal","E2_24_YY","mtf_RT",172.448772534094
"After change","Freq. dist.","unequal","E1_01_GQ","mtf_RT",114.246921420651
"After change","Freq. dist.","unequal","E1_02_PP","mtf_RT",122.015963150458
"After change","Freq. dist.","unequal","E1_03_AH","mtf_RT",159.101821381039
"After change","Freq. dist.","unequal","E1_05_SX","mtf_RT",86.9828710126361
"After change","Freq. dist.","unequal","E1_06_MB","mtf_RT",103.217541512653
"After change","Freq. dist.","unequal","E1_07_HS","mtf_RT",256.336317243993
"After change","Freq. dist.","unequal","E1_08_UA","mtf_RT",49.7853801609078
"After change","Freq. dist.","unequal","E1_09_BK","mtf_RT",13.926667384726
"After change","Freq. dist.","unequal","E1_10_ZK","mtf_RT",50.151471406666
"After change","Freq. dist.","unequal","E1_11_MS","mtf_RT",245.014463919878
"After change","Freq. dist.","unequal","E1_12_JM","mtf_RT",116.940193587429
"After change","Freq. dist.","unequal","E1_13_GV","mtf_RT",0
"After change","Freq. dist.","unequal","E1_14_VB","mtf_RT",82.3896847787525
"After change","Freq. dist.","unequal","E1_15_SS","mtf_RT",372.670123900389
"After change","Freq. dist.","unequal","E1_16_THL","mtf_RT",359.801350449171
"After change","Freq. dist.","unequal","E1_17_JSM","mtf_RT",250.05812986382
"After change","Freq. dist.","unequal","E1_18_YP","mtf_RT",121.89695689495
"After change","Freq. dist.","unequal","E1_19_AM","mtf_RT",449.530100860598
"After change","Freq. dist.","unequal","E1_20_MK","mtf_RT",47.8532179743106
"After change","Freq. dist.","unequal","E1_21_RNB","mtf_RT",302.265443420285
"After change","Freq. dist.","unequal","E1_22_LIU","mtf_RT",271.580663066463
"After change","Freq. dist.","unequal","E1_23_JX","mtf_RT",82.8612903366556
"After change","Freq. dist.","unequal","E1_24_RMS","mtf_RT",125.173392245261
"After change","Freq. dist.","unequal","E1_XF","mtf_RT",54.6620704369131
"After change","Rare dist.","equal","E2_01_JM","mtf_RT",224.084534063444
"After change","Rare dist.","equal","E2_02_YN","mtf_RT",16.8271889426547
"After change","Rare dist.","equal","E2_03_XY","mtf_RT",71.7170226758927
"After change","Rare dist.","equal","E2_04_ER","mtf_RT",258.726563359871
"After change","Rare dist.","equal","E2_05_YS","mtf_RT",320.388731948492
"After change","Rare dist.","equal","E2_06_ER","mtf_RT",271.536746763629
"After change","Rare dist.","equal","E2_07_NS","mtf_RT",66.5843280119005
"After change","Rare dist.","equal","E2_08_YW","mtf_RT",70.4612238117407
"After change","Rare dist.","equal","E2_09_WYY","mtf_RT",104.186842845563
"After change","Rare dist.","equal","E2_10_SSW","mtf_RT",115.105791898905
"After change","Rare dist.","equal","E2_11_FS","mtf_RT",56.6118939197292
"After change","Rare dist.","equal","E2_12_AH","mtf_RT",196.332364568942
"After change","Rare dist.","equal","E2_13_HAB","mtf_RT",26.6286889155304
"After change","Rare dist.","equal","E2_14_RS","mtf_RT",18.1921733285827
"After change","Rare dist.","equal","E2_15_LL","mtf_RT",43.5712597387255
"After change","Rare dist.","equal","E2_16_BK","mtf_RT",7.16295820537629
"After change","Rare dist.","equal","E2_17_HS","mtf_RT",40.6006791329442
"After change","Rare dist.","equal","E2_18_PP","mtf_RT",184.574926683854
"After change","Rare dist.","equal","E2_19_JX","mtf_RT",35.1422627363875
"After change","Rare dist.","equal","E2_20_JW","mtf_RT",88.2339468844293
"After change","Rare dist.","equal","E2_21_SM","mtf_RT",124.955664241556
"After change","Rare dist.","equal","E2_22_GV","mtf_RT",50.5648997018665
"After change","Rare dist.","equal","E2_23_YS","mtf_RT",148.200240925689
"After change","Rare dist.","equal","E2_24_YY","mtf_RT",189.117706383456
"After change","Rare dist.","unequal","E1_01_GQ","mtf_RT",32.3070562636782
"After change","Rare dist.","unequal","E1_02_PP","mtf_RT",126.28892213529
"After change","Rare dist.","unequal","E1_03_AH","mtf_RT",270.410525745068
"After change","Rare dist.","unequal","E1_05_SX","mtf_RT",23.5267711368156
"After change","Rare dist.","unequal","E1_06_MB","mtf_RT",100.921077905729
"After change","Rare dist.","unequal","E1_07_HS","mtf_RT",65.7839497154149
"After change","Rare dist.","unequal","E1_08_UA","mtf_RT",65.6869295259887
"After change","Rare dist.","unequal","E1_09_BK","mtf_RT",19.006881865878
"After change","Rare dist.","unequal","E1_10_ZK","mtf_RT",132.807785325293
"After change","Rare dist.","unequal","E1_11_MS","mtf_RT",256.150726489707
"After change","Rare dist.","unequal","E1_12_JM","mtf_RT",104.558820170011
"After change","Rare dist.","unequal","E1_13_GV","mtf_RT",107.389425701614
"After change","Rare dist.","unequal","E1_14_VB","mtf_RT",74.1324871552986
"After change","Rare dist.","unequal","E1_15_SS","mtf_RT",294.263707596519
"After change","Rare dist.","unequal","E1_16_THL","mtf_RT",363.279287347504
"After change","Rare dist.","unequal","E1_17_JSM","mtf_RT",265.519269859131
"After change","Rare dist.","unequal","E1_18_YP","mtf_RT",229.370152814644
"After change","Rare dist.","unequal","E1_19_AM","mtf_RT",373.652332861279
"After change","Rare dist.","unequal","E1_20_MK","mtf_RT",45.234139648461
"After change","Rare dist.","unequal","E1_21_RNB","mtf_RT",220.557716436913
"After change","Rare dist.","unequal","E1_22_LIU","mtf_RT",201.787489248969
"After change","Rare dist.","unequal","E1_23_JX","mtf_RT",121.82619205308
"After change","Rare dist.","unequal","E1_24_RMS","mtf_RT",213.651421859393
"After change","Rare dist.","unequal","E1_XF","mtf_RT",31.4035780278649
"Before change","Absent","equal","E2_01_JM","resp_RT",442.033332848776
"Before change","Absent","equal","E2_02_YN","resp_RT",435.539688619289
"Before change","Absent","equal","E2_03_XY","resp_RT",732.87494656679
"Before change","Absent","equal","E2_04_ER","resp_RT",470.451902556238
"Before change","Absent","equal","E2_05_YS","resp_RT",565.777952793588
"Before change","Absent","equal","E2_06_ER","resp_RT",962.637028560444
"Before change","Absent","equal","E2_07_NS","resp_RT",443.810042680235
"Before change","Absent","equal","E2_08_YW","resp_RT",525.294399240532
"Before change","Absent","equal","E2_09_WYY","resp_RT",582.298970315028
"Before change","Absent","equal","E2_10_SSW","resp_RT",413.369347899997
"Before change","Absent","equal","E2_11_FS","resp_RT",505.794343835101
"Before change","Absent","equal","E2_12_AH","resp_RT",440.320313309649
"Before change","Absent","equal","E2_13_HAB","resp_RT",381.295818079438
"Before change","Absent","equal","E2_14_RS","resp_RT",490.273639907673
"Before change","Absent","equal","E2_15_LL","resp_RT",312.307965122046
"Before change","Absent","equal","E2_16_BK","resp_RT",298.176955862969
"Before change","Absent","equal","E2_17_HS","resp_RT",373.72322388866
"Before change","Absent","equal","E2_18_PP","resp_RT",489.445608469073
"Before change","Absent","equal","E2_19_JX","resp_RT",379.9190392354
"Before change","Absent","equal","E2_20_JW","resp_RT",711.396531686838
"Before change","Absent","equal","E2_21_SM","resp_RT",530.05920676515
"Before change","Absent","equal","E2_22_GV","resp_RT",350.043052190482
"Before change","Absent","equal","E2_23_YS","resp_RT",644.557993665536
"Before change","Absent","equal","E2_24_YY","resp_RT",800.057928303395
"Before change","Absent","unequal","E1_01_GQ","resp_RT",608.30804850545
"Before change","Absent","unequal","E1_02_PP","resp_RT",544.439101383916
"Before change","Absent","unequal","E1_03_AH","resp_RT",463.772025809612
"Before change","Absent","unequal","E1_05_SX","resp_RT",508.353520016088
"Before change","Absent","unequal","E1_06_MB","resp_RT",502.326323956606
"Before change","Absent","unequal","E1_07_HS","resp_RT",426.579567288192
"Before change","Absent","unequal","E1_08_UA","resp_RT",371.750306017819
"Before change","Absent","unequal","E1_09_BK","resp_RT",281.71199559822
"Before change","Absent","unequal","E1_10_ZK","resp_RT",412.064085435192
"Before change","Absent","unequal","E1_11_MS","resp_RT",532.378495704436
"Before change","Absent","unequal","E1_12_JM","resp_RT",442.693865207622
"Before change","Absent","unequal","E1_13_GV","resp_RT",471.550353720167
"Before change","Absent","unequal","E1_14_VB","resp_RT",509.356770503622
"Before change","Absent","unequal","E1_15_SS","resp_RT",527.060049474016
"Before change","Absent","unequal","E1_16_THL","resp_RT",687.105407554798
"Before change","Absent","unequal","E1_17_JSM","resp_RT",568.211238601975
"Before change","Absent","unequal","E1_18_YP","resp_RT",514.123983158907
"Before change","Absent","unequal","E1_19_AM","resp_RT",594.128844337054
"Before change","Absent","unequal","E1_20_MK","resp_RT",373.556624173898
"Before change","Absent","unequal","E1_21_RNB","resp_RT",852.705321868311
"Before change","Absent","unequal","E1_22_LIU","resp_RT",482.267334075307
"Before change","Absent","unequal","E1_23_JX","resp_RT",428.607671248289
"Before change","Absent","unequal","E1_24_RMS","resp_RT",741.962815340596
"Before change","Absent","unequal","E1_XF","resp_RT",500.303337467037
"Before change","Freq. dist.","equal","E2_01_JM","resp_RT",469.706612986182
"Before change","Freq. dist.","equal","E2_02_YN","resp_RT",585.275566683968
"Before change","Freq. dist.","equal","E2_03_XY","resp_RT",825.744483653548
"Before change","Freq. dist.","equal","E2_04_ER","resp_RT",519.017744795443
"Before change","Freq. dist.","equal","E2_05_YS","resp_RT",590.562418658679
"Before change","Freq. dist.","equal","E2_06_ER","resp_RT",996.297308444355
"Before change","Freq. dist.","equal","E2_07_NS","resp_RT",505.876339978491
"Before change","Freq. dist.","equal","E2_08_YW","resp_RT",546.187613662123
"Before change","Freq. dist.","equal","E2_09_WYY","resp_RT",593.574811800279
"Before change","Freq. dist.","equal","E2_10_SSW","resp_RT",386.861550380612
"Before change","Freq. dist.","equal","E2_11_FS","resp_RT",547.582986845606
"Before change","Freq. dist.","equal","E2_12_AH","resp_RT",482.668002044528
"Before change","Freq. dist.","equal","E2_13_HAB","resp_RT",447.609933326528
"Before change","Freq. dist.","equal","E2_14_RS","resp_RT",617.345935554589
"Before change","Freq. dist.","equal","E2_15_LL","resp_RT",422.354418107941
"Before change","Freq. dist.","equal","E2_16_BK","resp_RT",304.653332221089
"Before change","Freq. dist.","equal","E2_17_HS","resp_RT",436.490803586207
"Before change","Freq. dist.","equal","E2_18_PP","resp_RT",484.849623404267
"Before change","Freq. dist.","equal","E2_19_JX","resp_RT",402.25226970164
"Before change","Freq. dist.","equal","E2_20_JW","resp_RT",755.814632963927
"Before change","Freq. dist.","equal","E2_21_SM","resp_RT",588.412433891279
"Before change","Freq. dist.","equal","E2_22_GV","resp_RT",395.803976394382
"Before change","Freq. dist.","equal","E2_23_YS","resp_RT",643.703667933597
"Before change","Freq. dist.","equal","E2_24_YY","resp_RT",766.706779068887
"Before change","Freq. dist.","unequal","E1_01_GQ","resp_RT",572.414365652271
"Before change","Freq. dist.","unequal","E1_02_PP","resp_RT",560.10864003058
"Before change","Freq. dist.","unequal","E1_03_AH","resp_RT",461.139283458784
"Before change","Freq. dist.","unequal","E1_05_SX","resp_RT",506.532227877186
"Before change","Freq. dist.","unequal","E1_06_MB","resp_RT",536.311404493262
"Before change","Freq. dist.","unequal","E1_07_HS","resp_RT",459.557001441095
"Before change","Freq. dist.","unequal","E1_08_UA","resp_RT",409.779914004076
"Before change","Freq. dist.","unequal","E1_09_BK","resp_RT",271.460604940024
"Before change","Freq. dist.","unequal","E1_10_ZK","resp_RT",435.887651070713
"Before change","Freq. dist.","unequal","E1_11_MS","resp_RT",522.855532509614
"Before change","Freq. dist.","unequal","E1_12_JM","resp_RT",517.437140764434
"Before change","Freq. dist.","unequal","E1_13_GV","resp_RT",519.976012020568
"Before change","Freq. dist.","unequal","E1_14_VB","resp_RT",516.02526725836
"Before change","Freq. dist.","unequal","E1_15_SS","resp_RT",486.877525109035
"Before change","Freq. dist.","unequal","E1_16_THL","resp_RT",660.577416513617
"Before change","Freq. dist.","unequal","E1_17_JSM","resp_RT",620.167579459726
"Before change","Freq. dist.","unequal","E1_18_YP","resp_RT",535.905328232314
"Before change","Freq. dist.","unequal","E1_19_AM","resp_RT",624.625349393896
"Before change","Freq. dist.","unequal","E1_20_MK","resp_RT",361.13226403745
"Before change","Freq. dist.","unequal","E1_21_RNB","resp_RT",933.805200312976
"Before change","Freq. dist.","unequal","E1_22_LIU","resp_RT",484.08994494353
"Before change","Freq. dist.","unequal","E1_23_JX","resp_RT",460.810947509056
"Before change","Freq. dist.","unequal","E1_24_RMS","resp_RT",716.375906035753
"Before change","Freq. dist.","unequal","E1_XF","resp_RT",481.600323863196
"Before change","Rare dist.","equal","E2_01_JM","resp_RT",510.299117700668
"Before change","Rare dist.","equal","E2_02_YN","resp_RT",434.313901013427
"Before change","Rare dist.","equal","E2_03_XY","resp_RT",792.276753348132
"Before change","Rare dist.","equal","E2_04_ER","resp_RT",548.040208867376
"Before change","Rare dist.","equal","E2_05_YS","resp_RT",616.554248891058
"Before change","Rare dist.","equal","E2_06_ER","resp_RT",775.029002853374
"Before change","Rare dist.","equal","E2_07_NS","resp_RT",513.605526292965
"Before change","Rare dist.","equal","E2_08_YW","resp_RT",523.052986303418
"Before change","Rare dist.","equal","E2_09_WYY","resp_RT",571.799997755424
"Before change","Rare dist.","equal","E2_10_SSW","resp_RT",413.395132010454
"Before change","Rare dist.","equal","E2_11_FS","resp_RT",543.256319240099
"Before change","Rare dist.","equal","E2_12_AH","resp_RT",455.07145021942
"Before change","Rare dist.","equal","E2_13_HAB","resp_RT",471.240909442811
"Before change","Rare dist.","equal","E2_14_RS","resp_RT",555.913577735564
"Before change","Rare dist.","equal","E2_15_LL","resp_RT",384.756158805952
"Before change","Rare dist.","equal","E2_16_BK","resp_RT",304.856012128285
"Before change","Rare dist.","equal","E2_17_HS","resp_RT",443.130348435434
"Before change","Rare dist.","equal","E2_18_PP","resp_RT",531.490225807506
"Before change","Rare dist.","equal","E2_19_JX","resp_RT",380.357090349746
"Before change","Rare dist.","equal","E2_20_JW","resp_RT",766.680686318944
"Before change","Rare dist.","equal","E2_21_SM","resp_RT",644.57378523947
"Before change","Rare dist.","equal","E2_22_GV","resp_RT",376.324674949299
"Before change","Rare dist.","equal","E2_23_YS","resp_RT",643.246416429504
"Before change","Rare dist.","equal","E2_24_YY","resp_RT",882.896683695786
"Before change","Rare dist.","unequal","E1_01_GQ","resp_RT",572.118956554054
"Before change","Rare dist.","unequal","E1_02_PP","resp_RT",564.833894565298
"Before change","Rare dist.","unequal","E1_03_AH","resp_RT",522.735343143754
"Before change","Rare dist.","unequal","E1_05_SX","resp_RT",521.300874198797
"Before change","Rare dist.","unequal","E1_06_MB","resp_RT",523.696523987989
"Before change","Rare dist.","unequal","E1_07_HS","resp_RT",395.521357069738
"Before change","Rare dist.","unequal","E1_08_UA","resp_RT",379.185592553508
"Before change","Rare dist.","unequal","E1_09_BK","resp_RT",284.494213946221
"Before change","Rare dist.","unequal","E1_10_ZK","resp_RT",446.031386000093
"Before change","Rare dist.","unequal","E1_11_MS","resp_RT",509.850615910182
"Before change","Rare dist.","unequal","E1_12_JM","resp_RT",493.884158740733
"Before change","Rare dist.","unequal","E1_13_GV","resp_RT",625.641650427876
"Before change","Rare dist.","unequal","E1_14_VB","resp_RT",546.122305707364
"Before change","Rare dist.","unequal","E1_15_SS","resp_RT",452.056795299313
"Before change","Rare dist.","unequal","E1_16_THL","resp_RT",651.555394500472
"Before change","Rare dist.","unequal","E1_17_JSM","resp_RT",575.344041560957
"Before change","Rare dist.","unequal","E1_18_YP","resp_RT",513.615894223434
"Before change","Rare dist.","unequal","E1_19_AM","resp_RT",506.582388772012
"Before change","Rare dist.","unequal","E1_20_MK","resp_RT",394.594917639565
"Before change","Rare dist.","unequal","E1_21_RNB","resp_RT",875.099940724538
"Before change","Rare dist.","unequal","E1_22_LIU","resp_RT",522.325354565764
"Before change","Rare dist.","unequal","E1_23_JX","resp_RT",459.76154856625
"Before change","Rare dist.","unequal","E1_24_RMS","resp_RT",768.477478602561
"Before change","Rare dist.","unequal","E1_XF","resp_RT",469.853135027126
"After change","Absent","equal","E2_01_JM","resp_RT",453.424664621794
"After change","Absent","equal","E2_02_YN","resp_RT",383.353874506712
"After change","Absent","equal","E2_03_XY","resp_RT",620.435965712617
"After change","Absent","equal","E2_04_ER","resp_RT",434.319345189935
"After change","Absent","equal","E2_05_YS","resp_RT",588.022355458598
"After change","Absent","equal","E2_06_ER","resp_RT",891.1510067755
"After change","Absent","equal","E2_07_NS","resp_RT",487.747435446021
"After change","Absent","equal","E2_08_YW","resp_RT",469.628302063881
"After change","Absent","equal","E2_09_WYY","resp_RT",514.900426080615
"After change","Absent","equal","E2_10_SSW","resp_RT",381.390201834823
"After change","Absent","equal","E2_11_FS","resp_RT",443.478089580071
"After change","Absent","equal","E2_12_AH","resp_RT",434.626621376166
"After change","Absent","equal","E2_13_HAB","resp_RT",362.560065619154
"After change","Absent","equal","E2_14_RS","resp_RT",431.317622233051
"After change","Absent","equal","E2_15_LL","resp_RT",289.153187403172
"After change","Absent","equal","E2_16_BK","resp_RT",311.359968024576
"After change","Absent","equal","E2_17_HS","resp_RT",424.077294503533
"After change","Absent","equal","E2_18_PP","resp_RT",439.697212142727
"After change","Absent","equal","E2_19_JX","resp_RT",373.138617034994
"After change","Absent","equal","E2_20_JW","resp_RT",537.573412889833
"After change","Absent","equal","E2_21_SM","resp_RT",445.025246044402
"After change","Absent","equal","E2_22_GV","resp_RT",404.382918579167
"After change","Absent","equal","E2_23_YS","resp_RT",514.593865770625
"After change","Absent","equal","E2_24_YY","resp_RT",715.701491057394
"After change","Absent","unequal","E1_01_GQ","resp_RT",526.748536092452
"After change","Absent","unequal","E1_02_PP","resp_RT",490.77002877699
"After change","Absent","unequal","E1_03_AH","resp_RT",404.875262671989
"After change","Absent","unequal","E1_05_SX","resp_RT",470.676062467986
"After change","Absent","unequal","E1_06_MB","resp_RT",394.754926148549
"After change","Absent","unequal","E1_07_HS","resp_RT",411.319369311244
"After change","Absent","unequal","E1_08_UA","resp_RT",372.668972203339
"After change","Absent","unequal","E1_09_BK","resp_RT",285.347585142941
"After change","Absent","unequal","E1_10_ZK","resp_RT",389.692716739037
"After change","Absent","unequal","E1_11_MS","resp_RT",470.907536444978
"After change","Absent","unequal","E1_12_JM","resp_RT",484.876251948505
"After change","Absent","unequal","E1_13_GV","resp_RT",431.143319999892
"After change","Absent","unequal","E1_14_VB","resp_RT",453.358441273468
"After change","Absent","unequal","E1_15_SS","resp_RT",539.450468617967
"After change","Absent","unequal","E1_16_THL","resp_RT",642.853184452359
"After change","Absent","unequal","E1_17_JSM","resp_RT",510.148356839672
"After change","Absent","unequal","E1_18_YP","resp_RT",452.691143178098
"After change","Absent","unequal","E1_19_AM","resp_RT",503.792868518581
"After change","Absent","unequal","E1_20_MK","resp_RT",338.633407189933
"After change","Absent","unequal","E1_21_RNB","resp_RT",811.916495859837
"After change","Absent","unequal","E1_22_LIU","resp_RT",461.169842815896
"After change","Absent","unequal","E1_23_JX","resp_RT",423.52944314696
"After change","Absent","unequal","E1_24_RMS","resp_RT",713.911007971063
"After change","Absent","unequal","E1_XF","resp_RT",521.472091141015
"After change","Freq. dist.","equal","E2_01_JM","resp_RT",521.282258421856
"After change","Freq. dist.","equal","E2_02_YN","resp_RT",451.977741699619
"After change","Freq. dist.","equal","E2_03_XY","resp_RT",792.274120780247
"After change","Freq. dist.","equal","E2_04_ER","resp_RT",486.406457828393
"After change","Freq. dist.","equal","E2_05_YS","resp_RT",576.102355002904
"After change","Freq. dist.","equal","E2_06_ER","resp_RT",1420.35946038714
"After change","Freq. dist.","equal","E2_07_NS","resp_RT",520.408406033888
"After change","Freq. dist.","equal","E2_08_YW","resp_RT",477.253233954899
"After change","Freq. dist.","equal","E2_09_WYY","resp_RT",516.462547469755
"After change","Freq. dist.","equal","E2_10_SSW","resp_RT",367.91401049653
"After change","Freq. dist.","equal","E2_11_FS","resp_RT",504.474580672825
"After change","Freq. dist.","equal","E2_12_AH","resp_RT",469.409844379081
"After change","Freq. dist.","equal","E2_13_HAB","resp_RT",383.007837728201
"After change","Freq. dist.","equal","E2_14_RS","resp_RT",537.653304208443
"After change","Freq. dist.","equal","E2_15_LL","resp_RT",375.047442454331
"After change","Freq. dist.","equal","E2_16_BK","resp_RT",304.951728248166
"After change","Freq. dist.","equal","E2_17_HS","resp_RT",505.825048145068
"After change","Freq. dist.","equal","E2_18_PP","resp_RT",490.066024329691
"After change","Freq. dist.","equal","E2_19_JX","resp_RT",423.481208499391
"After change","Freq. dist.","equal","E2_20_JW","resp_RT",602.82402752115
"After change","Freq. dist.","equal","E2_21_SM","resp_RT",487.754224383573
"After change","Freq. dist.","equal","E2_22_GV","resp_RT",420.570173580353
"After change","Freq. dist.","equal","E2_23_YS","resp_RT",593.451528114448
"After change","Freq. dist.","equal","E2_24_YY","resp_RT",760.666812430069
"After change","Freq. dist.","unequal","E1_01_GQ","resp_RT",490.921548094553
"After change","Freq. dist.","unequal","E1_02_PP","resp_RT",524.074735538701
"After change","Freq. dist.","unequal","E1_03_AH","resp_RT",436.565513879032
"After change","Freq. dist.","unequal","E1_05_SX","resp_RT",473.883649534825
"After change","Freq. dist.","unequal","E1_06_MB","resp_RT",429.431082276048
"After change","Freq. dist.","unequal","E1_07_HS","resp_RT",425.40452079404
"After change","Freq. dist.","unequal","E1_08_UA","resp_RT",471.524822065779
"After change","Freq. dist.","unequal","E1_09_BK","resp_RT",297.193607108761
"After change","Freq. dist.","unequal","E1_10_ZK","resp_RT",391.481991757634
"After change","Freq. dist.","unequal","E1_11_MS","resp_RT",472.106947004694
"After change","Freq. dist.","unequal","E1_12_JM","resp_RT",440.518958594668
"After change","Freq. dist.","unequal","E1_13_GV","resp_RT",375.633688516587
"After change","Freq. dist.","unequal","E1_14_VB","resp_RT",425.520117706171
"After change","Freq. dist.","unequal","E1_15_SS","resp_RT",590.160863748042
"After change","Freq. dist.","unequal","E1_16_THL","resp_RT",627.707020832429
"After change","Freq. dist.","unequal","E1_17_JSM","resp_RT",548.014503746178
"After change","Freq. dist.","unequal","E1_18_YP","resp_RT",450.438367397654
"After change","Freq. dist.","unequal","E1_19_AM","resp_RT",538.499329962664
"After change","Freq. dist.","unequal","E1_20_MK","resp_RT",363.75708858492
"After change","Freq. dist.","unequal","E1_21_RNB","resp_RT",782.71253328694
"After change","Freq. dist.","unequal","E1_22_LIU","resp_RT",483.302918487493
"After change","Freq. dist.","unequal","E1_23_JX","resp_RT",460.618729314547
"After change","Freq. dist.","unequal","E1_24_RMS","resp_RT",689.924077329234
"After change","Freq. dist.","unequal","E1_XF","resp_RT",519.344208757651
"After change","Rare dist.","equal","E2_01_JM","resp_RT",474.991696949857
"After change","Rare dist.","equal","E2_02_YN","resp_RT",416.944751304961
"After change","Rare dist.","equal","E2_03_XY","resp_RT",670.615761215318
"After change","Rare dist.","equal","E2_04_ER","resp_RT",549.982018369567
"After change","Rare dist.","equal","E2_05_YS","resp_RT",490.566662916549
"After change","Rare dist.","equal","E2_06_ER","resp_RT",783.727633883875
"After change","Rare dist.","equal","E2_07_NS","resp_RT",499.045993179478
"After change","Rare dist.","equal","E2_08_YW","resp_RT",547.355526264218
"After change","Rare dist.","equal","E2_09_WYY","resp_RT",567.376849069914
"After change","Rare dist.","equal","E2_10_SSW","resp_RT",400.67965739902
"After change","Rare dist.","equal","E2_11_FS","resp_RT",492.273343370371
"After change","Rare dist.","equal","E2_12_AH","resp_RT",414.49838067258
"After change","Rare dist.","equal","E2_13_HAB","resp_RT",348.067114205908
"After change","Rare dist.","equal","E2_14_RS","resp_RT",453.274792733188
"After change","Rare dist.","equal","E2_15_LL","resp_RT",346.560096114054
"After change","Rare dist.","equal","E2_16_BK","resp_RT",285.729847033693
"After change","Rare dist.","equal","E2_17_HS","resp_RT",482.884871266245
"After change","Rare dist.","equal","E2_18_PP","resp_RT",453.217781836247
"After change","Rare dist.","equal","E2_19_JX","resp_RT",409.910220560681
"After change","Rare dist.","equal","E2_20_JW","resp_RT",593.169553801629
"After change","Rare dist.","equal","E2_21_SM","resp_RT",510.480654862711
"After change","Rare dist.","equal","E2_22_GV","resp_RT",486.94301655825
"After change","Rare dist.","equal","E2_23_YS","resp_RT",573.539515654685
"After change","Rare dist.","equal","E2_24_YY","resp_RT",777.628660803202
"After change","Rare dist.","unequal","E1_01_GQ","resp_RT",532.73138334381
"After change","Rare dist.","unequal","E1_02_PP","resp_RT",538.360667203439
"After change","Rare dist.","unequal","E1_03_AH","resp_RT",391.913514748043
"After change","Rare dist.","unequal","E1_05_SX","resp_RT",464.142069133951
"After change","Rare dist.","unequal","E1_06_MB","resp_RT",422.194353222376
"After change","Rare dist.","unequal","E1_07_HS","resp_RT",591.534870357582
"After change","Rare dist.","unequal","E1_08_UA","resp_RT",358.645923465453
"After change","Rare dist.","unequal","E1_09_BK","resp_RT",259.988431652616
"After change","Rare dist.","unequal","E1_10_ZK","resp_RT",398.309963197003
"After change","Rare dist.","unequal","E1_11_MS","resp_RT",496.813186109451
"After change","Rare dist.","unequal","E1_12_JM","resp_RT",450.547137707488
"After change","Rare dist.","unequal","E1_13_GV","resp_RT",426.095874670081
"After change","Rare dist.","unequal","E1_14_VB","resp_RT",443.85404792374
"After change","Rare dist.","unequal","E1_15_SS","resp_RT",570.041566232749
"After change","Rare dist.","unequal","E1_16_THL","resp_RT",566.486229479037
"After change","Rare dist.","unequal","E1_17_JSM","resp_RT",533.672297396743
"After change","Rare dist.","unequal","E1_18_YP","resp_RT",427.112154409561
"After change","Rare dist.","unequal","E1_19_AM","resp_RT",491.829843016982
"After change","Rare dist.","unequal","E1_20_MK","resp_RT",362.288443948892
"After change","Rare dist.","unequal","E1_21_RNB","resp_RT",873.362315139132
"After change","Rare dist.","unequal","E1_22_LIU","resp_RT",575.152111729761
"After change","Rare dist.","unequal","E1_23_JX","resp_RT",451.309558035526
"After change","Rare dist.","unequal","E1_24_RMS","resp_RT",646.842924917954
"After change","Rare dist.","unequal","E1_XF","resp_RT",562.601982445714
